/* Create default years */
INSERT INTO academic_year (code, description, start_date, end_date) VALUES ('11/12', '2011/12', '2011-08-30', '2012-07-31');
INSERT INTO academic_year (code, description, start_date, end_date) VALUES ('12/13', '2012/13', '2012-08-30', '2013-07-31');
INSERT INTO academic_year (code, description, start_date, end_date) VALUES ('13/14', '2013/14', '2013-08-30', '2014-07-31');
INSERT INTO academic_year (code, description, start_date, end_date) VALUES ('14/15', '2014/15', '2014-08-30', '2015-07-31');
INSERT INTO academic_year (code, description, start_date, end_date) VALUES ('15/16', '2015/16', '2015-08-30', '2016-07-31');
INSERT INTO academic_year (code, description, start_date, end_date) VALUES ('16/17', '2016/17', '2016-08-30', '2017-07-31');

/* Creating School Types */ 
INSERT INTO school_type (code, description) VALUES ('PS', 'Partner School');
INSERT INTO school_type (code, description) VALUES ('C', 'County');
INSERT INTO school_type (code, description) VALUES ('CRY', 'Croydon');
INSERT INTO school_type (code, description) VALUES ('I', 'Independent');
INSERT INTO school_type (code, description) VALUES ('FE', 'FE College');
INSERT INTO school_type (code, description) VALUES ('RC', 'Reigate College');
INSERT INTO school_type (code, description) VALUES ('SUT', 'Sutton');
INSERT INTO school_type (code, description) VALUES ('K&S', 'Kent/Sussex');
INSERT INTO school_type (code, description) VALUES ('LON', 'London');
INSERT INTO school_type (code, description) VALUES ('OVR', 'Overseas');
INSERT INTO school_type (code, description) VALUES ('OTH', 'Other');
INSERT INTO school_type (code, description) VALUES ('X', 'Not Known');

/* Creating School Priorities*/
INSERT INTO school_priority (code, description) VALUES ('A', '');
INSERT INTO school_priority (code, description) VALUES ('B', '');
INSERT INTO school_priority (code, description) VALUES ('C', '');
INSERT INTO school_priority (code, description) VALUES ('D', '');
INSERT INTO school_priority (code, description) VALUES ('E', '');
INSERT INTO school_priority (code, description) VALUES ('F', '');
INSERT INTO school_priority (code, description) VALUES ('G', '');
INSERT INTO school_priority (code, description) VALUES ('H', '');
INSERT INTO school_priority (code, description) VALUES ('I', '');


/* Creating School Data */
INSERT INTO school (name, school_type_id, school_priority_id) VALUES ('Oakwood', 1, 1);
INSERT INTO school (name, school_type_id, school_priority_id) VALUES ('Reigate School', 1, 1);
INSERT INTO school (name, school_type_id, school_priority_id) VALUES ('DeStafford', 1, 1);
INSERT INTO school (name, school_type_id, school_priority_id) VALUES ('Warwick', 1, 1);


/* Create defualt genders */
INSERT INTO gender (code, description) VALUES ('M', 'Male');
INSERT INTO gender (code, description) VALUES ('F', 'Female');

/* Create Offer Types*/
INSERT INTO offer_type (code, description) VALUES ('N' ,'Normal');
INSERT INTO offer_type (code, description) VALUES ('U' ,'Unconditional');
INSERT INTO offer_type (code, description) VALUES ('P' ,'Provisional');
INSERT INTO offer_type (code, description) VALUES ('W' ,'Reserve');
INSERT INTO offer_type (code, description) VALUES ('R' ,'Returner');
INSERT INTO offer_type (code, description) VALUES ('X' ,'Rejected');
INSERT INTO offer_type (code, description) VALUES ('A' ,'A2');
INSERT INTO offer_type (code, description) VALUES ('P' ,'Prov Attendance');

/* Create default Blocks */
INSERT INTO block (code, description) VALUES ('1', 'Block 1');
INSERT INTO block (code, description) VALUES ('2', 'Block 2');
INSERT INTO block (code, description) VALUES ('3', 'Block 3');
INSERT INTO block (code, description) VALUES ('4', 'Block 4');
INSERT INTO block (code, description) VALUES ('5', 'Block 5');
INSERT INTO block (code, description) VALUES ('6', 'Block 6');
INSERT INTO block (code, description) VALUES ('7', 'Block 7');


/* Create default Periods */
INSERT INTO period (code, description, day, day_period, start_time, end_time, block_id) VALUES ('Mon01', 'Monday Period 1', 1, 1, '09:00:00', '10:05:00', 1);
INSERT INTO period (code, description, day, day_period, start_time, end_time, block_id) VALUES ('Mon02', 'Monday Period 2', 1, 2, '09:00:00', '10:05:00', 2);
INSERT INTO period (code, description, day, day_period, start_time, end_time, block_id) VALUES ('Mon03', 'Monday Period 3', 1, 3, '09:00:00', '10:05:00', 3);
INSERT INTO period (code, description, day, day_period, start_time, end_time, block_id) VALUES ('Mon04', 'Monday Period 4', 1, 4, '09:00:00', '10:05:00', 4);
INSERT INTO period (code, description, day, day_period, start_time, end_time, block_id) VALUES ('Mon05', 'Monday Period 5', 1, 5, '09:00:00', '10:05:00', 5);

INSERT INTO period (code, description, day, day_period, start_time, end_time, block_id) VALUES ('Tue01', 'Tuesday Period 1', 2, 1, '09:00:00', '10:05:00', 2);
INSERT INTO period (code, description, day, day_period, start_time, end_time, block_id) VALUES ('Tue02', 'Tuesday Period 2', 2, 2, '09:00:00', '10:05:00', 3);
INSERT INTO period (code, description, day, day_period, start_time, end_time, block_id) VALUES ('Tue03', 'Tuesday Period 3', 2, 3, '09:00:00', '10:05:00', 4);
INSERT INTO period (code, description, day, day_period, start_time, end_time, block_id) VALUES ('Tue04', 'Tuesday Period 4', 2, 4, '09:00:00', '10:05:00', 5);
INSERT INTO period (code, description, day, day_period, start_time, end_time, block_id) VALUES ('Tue05', 'Tuesday Period 5', 2, 5, '09:00:00', '10:05:00', 6);

/* Create default Titles */
INSERT INTO title (code, description) VALUES ('1', 'Mr');
INSERT INTO title (code, description) VALUES ('2', 'Mrs');
INSERT INTO title (code, description) VALUES ('3', 'Miss');
INSERT INTO title (code, description) VALUES ('4', 'Ms');
INSERT INTO title (code, description) VALUES ('5', 'Dr');
INSERT INTO title (code, description) VALUES ('6', 'Rev');
INSERT INTO title (code, description) VALUES ('7', 'Sir');
INSERT INTO title (code, description) VALUES ('8', 'Lady');
INSERT INTO title (code, description) VALUES ('9', 'Lord');
INSERT INTO title (code, description) VALUES ('10', 'Dame');
INSERT INTO title (code, description) VALUES ('11', 'Prof');
INSERT INTO title (code, description) VALUES ('12', 'Capt');
INSERT INTO title (code, description) VALUES ('98', 'None');
INSERT INTO title (code, description) VALUES ('99', 'Other');

/* Create default Application Statuses */
INSERT INTO application_status (code, description) VALUES ('N', 'New');
INSERT INTO application_status (code, description) VALUES ('R', 'Recieved');
INSERT INTO application_status (code, description) VALUES ('C', 'Checked');
INSERT INTO application_status (code, description) VALUES ('A', 'Accepted');
INSERT INTO application_status (code, description) VALUES ('X', 'Rejected');


/* Create default Contact Types */ 
INSERT INTO contact_type (description, name) VALUES ('Father', 'Father');
INSERT INTO contact_type (description, name) VALUES ('Mother', 'Mother');
INSERT INTO contact_type (description, name) VALUES ('Guardian', 'Guardian');


/* Create default Nationality data*/
INSERT INTO nationality (description, name) VALUES ('UK', 'United Kingdom');
INSERT INTO nationality (description, name) VALUES ('EU', 'European Union');
INSERT INTO nationality (description, name) VALUES ('EEA/Swiss', 'European Economic Area or Swiss');
INSERT INTO nationality (description, name) VALUES ('Other', 'Other');


/* Create default Ethnicity data*/
INSERT INTO ethnicity (code, description, short_description, valid_from) VALUES ('31', '', 'English / Welsh / Scottish / Northern Irish / British', '2015-01-01');
INSERT INTO ethnicity (code, description, short_description, valid_from) VALUES ('32', '', 'Irish', '2015-01-01');
INSERT INTO ethnicity (code, description, short_description, valid_from) VALUES ('33', '', 'Gypsy or Irish Traveller', '2015-01-01');
INSERT INTO ethnicity (code, description, short_description, valid_from) VALUES ('34', '', 'Any Other White background', '2015-01-01');
INSERT INTO ethnicity (code, description, short_description, valid_from) VALUES ('35', '', 'White and Black Caribbean', '2015-01-01');
INSERT INTO ethnicity (code, description, short_description, valid_from) VALUES ('36', '', 'White and Black African', '2015-01-01');
INSERT INTO ethnicity (code, description, short_description, valid_from) VALUES ('37', '', 'White and Asian', '2015-01-01');
INSERT INTO ethnicity (code, description, short_description, valid_from) VALUES ('38', '', 'Asian / Asian British', '2015-01-01');
INSERT INTO ethnicity (code, description, short_description, valid_from) VALUES ('39', '', 'Indian', '2015-01-01');
INSERT INTO ethnicity (code, description, short_description, valid_from) VALUES ('40', '', 'Pakistani', '2015-01-01');
INSERT INTO ethnicity (code, description, short_description, valid_from) VALUES ('41', '', 'Bangladeshi', '2015-01-01');
INSERT INTO ethnicity (code, description, short_description, valid_from) VALUES ('42', '', 'Chinese', '2015-01-01');
INSERT INTO ethnicity (code, description, short_description, valid_from) VALUES ('43', '', 'Black / African / Caribbean / Black British', '2015-01-01');
INSERT INTO ethnicity (code, description, short_description, valid_from) VALUES ('44', '', 'African', '2015-01-01');
INSERT INTO ethnicity (code, description, short_description, valid_from) VALUES ('45', '', 'Caribbean', '2015-01-01');
INSERT INTO ethnicity (code, description, short_description, valid_from) VALUES ('46', '', 'Other ethnic group', '2015-01-01');
INSERT INTO ethnicity (code, description, short_description, valid_from) VALUES ('47', '', 'Arab', '2015-01-01');
INSERT INTO ethnicity (code, description, short_description, valid_from) VALUES ('98', '', 'Any other ethnic group', '2015-01-01');
INSERT INTO ethnicity (code, description, short_description, valid_from) VALUES ('99', '', 'Not provided', '2015-01-01');


/* Create default Restricted Use Indicator data */
INSERT INTO restricted_use_indicator (code, description, short_description) VALUES ('1', 'Learner does not wish to be contacted about courses or learning opportunities.','No contact about courses or opportunities');
INSERT INTO restricted_use_indicator (code, description, short_description) VALUES ('5', 'Learner is not to be contacted - learner has died.','No contact - died'); 

/* Create default Student Types */ 
INSERT INTO student_type (description, code) VALUES ('Lower', 'L');
INSERT INTO student_type (description, code) VALUES ('Upper', 'U');
INSERT INTO student_type (description, code) VALUES ('Intermediate', 'I');

/* Create default Faculties */
INSERT INTO faculty (description, code) VALUES ('Science and Art', 'SA');
INSERT INTO faculty (description, code) VALUES ('Maths and Media', 'MM');
INSERT INTO faculty (description, code) VALUES ('Other', 'Other');

/* Create default Departments */
INSERT INTO department (description, name, faculty_id) VALUES ('Science', 'Science', 1);
INSERT INTO department (description, name, faculty_id) VALUES ('Art', 'Art', 1);
INSERT INTO department (description, name, faculty_id) VALUES ('Math', 'Maths', 2);
INSERT INTO department (description, name, faculty_id) VALUES ('Media', 'Media', 2);
INSERT INTO department (description, name, faculty_id) VALUES ('Leaning Support', 'Leaning Support', 3);


/* Create default Tutor Group */ 
INSERT INTO tutor_group (description, code) VALUES ('A01', 'A01');
INSERT INTO tutor_group (description, code) VALUES ('A02', 'A02');
INSERT INTO tutor_group (description, code) VALUES ('A03', 'A03');


/* Create default Subjects */
INSERT INTO subject (code , description) VALUES('MA', 'Maths');
INSERT INTO subject (code , description) VALUES('BI', 'Biology');
INSERT INTO subject (code , description) VALUES('CS', 'Computer Studies');
INSERT INTO subject (code , description) VALUES('PS', 'Psychology');
INSERT INTO subject (code , description) VALUES('PH', 'Physics');
INSERT INTO subject (code , description) VALUES('CH', 'Chemistry');
INSERT INTO subject (code , description) VALUES('CC', 'Classical Civilisations');
INSERT INTO subject (code , description) VALUES('BS', 'Business Studies');

/* Create default Level */
INSERT INTO level (code , description) VALUES('H', 'AS Level');
INSERT INTO level (code , description) VALUES('A', 'A Level');


/* Create sample Special Category data */
INSERT INTO special_category (code, description) VALUES ('', 'None');
INSERT INTO special_category (code, description) VALUES ('S1', 'Long Term Medical');
INSERT INTO special_category (code, description) VALUES ('S2', 'Long Term Serious Social');
INSERT INTO special_category (code, description) VALUES ('S3', 'Short Term Problem');
INSERT INTO special_category (code, description) VALUES ('S4', 'Minor Issues');


/* Create sample Note Type data*/
INSERT INTO note_type (code, description) VALUES ('GEN', 'General Notes');
INSERT INTO note_type (code, description) VALUES ('PER', 'Permanent Notes');
INSERT INTO note_type (code, description) VALUES ('ADM', 'Admissions Notes');
INSERT INTO note_type (code, description) VALUES ('MON', 'Monitoring Notes');



/* Create default settings */
INSERT INTO setting (setting, value) VALUES ('CollegeName', 'Reigate College');
INSERT INTO setting (setting, value) VALUES ('CurrentYearCode', '14/15');
INSERT INTO setting (setting, value) VALUES ('NextYearCode', '15/16');


/* Create sample Application data */
INSERT INTO address (line1, town, postcode) VALUES ('87', 'Horley', 'WR2 6NJ');
INSERT INTO address (line1, town, postcode) VALUES ('Some Island', 'Redhill', 'WR2 6NJ');

INSERT INTO person (surname, first_name, dob, gender_id, address_id) VALUES ('Horgan', 'Michael', '1980-07-06', 1, 1);
INSERT INTO person (title_id, surname, first_name) VALUES (1, 'Horgan', 'Gerald');
INSERT INTO person (title_id, surname, first_name) VALUES (2, 'Horgan', 'Sandra');
INSERT INTO person (surname, first_name, dob, gender_id, address_id) VALUES ('Stark', 'Tony', '1975-01-02', 1, 2);
INSERT INTO person (title_id, surname, first_name) VALUES (1, 'Stark', 'Frank');

INSERT INTO application (academic_year_id, received, reference_no, person_id, school_id, application_status_id) VALUES (5, '2015-06-01', '15-999S', 1, 1, 1);
INSERT INTO application (academic_year_id, received, reference_no, person_id, school_id, application_status_id) VALUES (5, '2015-06-01', '15-998S', 4, 3, 2);

INSERT INTO contact (person_id, contact_id, contact_type_id, contactable, preferred) VALUES (1, 2, 1, 1, 1);
INSERT INTO contact (person_id, contact_id, contact_type_id, contactable, preferred) VALUES (1, 3, 2, 1, 1);
INSERT INTO contact (person_id, contact_id, contact_type_id, contactable, preferred) VALUES (4, 5, 1, 1, 1);

INSERT INTO request (application_id, request) VALUES (1, 'L-MAH');
INSERT INTO request (application_id, request) VALUES (1, 'L-PSH');
INSERT INTO request (application_id, request) VALUES (1, 'L-BIH');

INSERT INTO interview (application_id, interview_date, proposed_offer_type_id, proposed_student_type_id, interview_notes) VALUES (1, '2015-06-30', 2, 1, 'Michael is an excelent candidate with great promise.');





/* Post Data Insertion Operations
UPDATE ethnicity SET description = code + ' - ' + short_description;*/
